insurance_provider_id,company_name,address,email_number,phone_number
1,James-Greene Insurance,"14688 Shawna Overpass, South Jennifer, PE P3R 8J3",christopher81@stewart-williams.net,635817839
2,Davila-Howard Insurance,"792 Benjamin Brooks, South Gabriella, NS S5C 1G7",derek63@bowman.com,8625702929
3,Martinez-Wilson Insurance,"62385 Yates Vista, Davidstad, MB X1M 6A4",zross@cruz-cervantes.net,1205673434
4,Sawyer Ltd Insurance,"364 Walton Common, Fisherview, BC N3V5Y7",robert92@gray-gregory.org,7365350543
5,"Contreras, Clarke and Green Insurance","5601 Aaron Inlet, New Kristen, NU L9S 9T5",jocelynkey@jones-johnson.com,6458994316
6,Mccormick-Baker Insurance,"76682 Wright Harbor, Armstrongfurt, MB V9H4C8",wilsonlaura@rogers.com,9840956422
7,"Mora, Sanders and Williams Insurance","70633 Todd Groves Suite 518, Port Angelica, SK Y3C3E3",johnsonwilliam@jackson-pitts.com,9992505634
8,Rodgers and Sons Insurance,"61397 Nancy Estates, Port Scott, NL B5R3A3",ibarralisa@roberts-vasquez.com,529555064
9,"Perez, Hernandez and Craig Insurance","8328 Frey Forest Apt. 429, South Adamtown, NB H5M 3B7",aaronschneider@foster.com,9356279158
10,Hall PLC Insurance,"169 Rebecca Extensions, South Joanna, NB L9H 9X2",johnperez@fisher.com,5957310060
11,Lopez-Williams Insurance,"4098 Gonzalez Lakes, East Melvinberg, SK X8L1J1",jesse91@smith-pugh.biz,3821002335
12,"Scott, Pugh and Newman Insurance","615 Henderson Wells, Saundersview, NT E4L2X1",josepholiver@walter-howell.com,3778094161
13,"Smith, Snyder and Mcmahon Insurance","8398 Sabrina Locks Apt. 194, Newtonmouth, PE A3B 7C4",qware@riley.com,3106422426
14,Collins and Sons Insurance,"114 Wright Stream Apt. 410, West Thomasberg, NL J8X5M9",cynthia74@lee.com,8395981386
15,Berry LLC Insurance,"61671 Adam Ways, Port Johnborough, BC L9M 4H2",morristammy@evans.net,747895352
16,Warner Ltd Insurance,"896 Horne Rapids, Angelahaven, YT A3A3P7",jonesluis@grant.com,1840563202
17,"Davis, Myers and Dillon Insurance","641 Tina Knoll Apt. 141, West Petershire, NB M3L 3S3",tara08@nichols.net,2446615073
18,Curtis-Porter Insurance,"027 Sandra Points, Lake Sara, NT C1A 8J4",tcrawford@robinson.org,3262287490
19,"Cabrera, Turner and Garrett Insurance","7249 Terry Drive Apt. 595, Lake Robert, QC H8X2L7",qle@turner.com,4320283445
20,Howard-Martin Insurance,"02877 Fitzgerald Orchard Suite 259, Lake Christina, ON Y4G9T2",xgalloway@patel-murphy.com,1133623635
21,Lopez Ltd Insurance,"763 Kim Parkways, East Denisechester, PE N3L8H6",stephanieesparza@white-parks.info,9948797170
22,"Gibson, Martinez and Burns Insurance","0321 Lynn Throughway Apt. 129, East Stephanie, YT A1P4B1",jeffreymorrison@lewis.com,7475555340
23,"Hayes, Jackson and Friedman Insurance","5527 Valdez Turnpike Suite 707, West Amandaland, NT A1S 3P6",michael54@hardin-shannon.com,6293481171
24,Becker Inc Insurance,"3302 Pratt Locks Apt. 055, South Joseph, SK H3A 1B5",taylor02@curtis-lane.com,5303461918
25,Smith PLC Insurance,"6529 Jason Meadow Suite 463, Davidport, ON J4N 2T9",thompsonveronica@hensley-kim.com,1203111110
26,"Dalton, Adams and Sawyer Insurance","76906 Taylor Passage Suite 515, Lake Larry, NL J9J 9B6",cherylrodriguez@butler.info,1232261941
27,Clark PLC Insurance,"979 Manning Glen Suite 287, Sarahfort, YT X2E 2G3",nicolerice@richards.com,4625901938
28,"King, Anderson and Moore Insurance","725 Nunez Fords Suite 439, Lake Lindsayshire, MB L3L4T5",boydjuan@smith-zuniga.com,9848126899
29,Medina and Sons Insurance,"171 Torres Parkways, Frankhaven, SK A6C4T6",curtis01@francis.com,9339704367
30,Rocha-Le Insurance,"116 Amanda Spurs, East Ashley, NL C8C 3N4",jonesjohn@kennedy-boyer.com,9699527232
31,Marshall-King Insurance,"1980 Travis Springs Apt. 768, Lake Jefferyland, NU V4A2J4",pjackson@edwards.com,1997036862
32,Huang PLC Insurance,"5137 Stevens Road, Middletonburgh, AB X6B 9X5",zjohnson@williams.biz,5034979996
33,Harris Inc Insurance,"27517 Shannon Station, North Karen, MB K3K3L1",joshua73@ramos-heath.com,1870532500
34,"Anderson, Hunt and Peterson Insurance","531 Lane Expressway Apt. 108, Richardmouth, SK L4G1C5",patelchristina@boyd-turner.com,7322515846
35,Lewis PLC Insurance,"8947 Carolyn Estates, North Nancystad, ON X8J3R4",tmunoz@camacho-smith.org,564344129
36,Jones PLC Insurance,"36230 Jessica Alley, Anthonychester, NU P4J7Y4",rachael31@avery-smith.com,1990623891
37,"Espinoza, Wright and Alexander Insurance","6374 Bryant Valley, Michaelhaven, NB Y4G9P7",scott44@howard-green.com,1404693716
38,Myers Group Insurance,"08798 Austin Centers, Travisbury, PE K7L2N2",murraynicole@spencer.com,2888352420
39,Morgan-Wilson Insurance,"463 Roberts Groves Apt. 961, Christinafort, ON P7G 8H6",rosstimothy@flores-lynch.biz,3974119274
40,Lindsey Group Insurance,"94001 Brett Lane, Caitlinfurt, BC T8E 4S3",frenchaaron@johnson-jones.biz,2069153358
41,"Ramirez, Matthews and Black Insurance","2590 Wells Springs, South Colton, AB L8H7C4",melissa02@wright-dominguez.com,981895990
42,Hernandez LLC Insurance,"1126 Valentine Springs, West Todd, SK G7Y 5G6",longerica@herrera.biz,3124686891
43,Bell Inc Insurance,"39699 Glass Manor Apt. 884, Lake Mary, BC B1X 6N4",ricky73@mejia.com,6137536586
44,Norris and Sons Insurance,"4193 Noble Track Apt. 836, Lake Lisa, NU X2T 4G9",eshepard@harris-watson.info,1125507753
45,"Jennings, Mathews and Gonzales Insurance","8121 Jessica Rapid, West Jacqueline, PE B3N9C4",alexanderadams@preston.info,9344101377
46,"Glass, Cervantes and Willis Insurance","660 Petersen Landing, Port Rubenborough, NL N5A6H7",mtaylor@chen-brown.biz,7285572020
47,"Francis, Nguyen and Trevino Insurance","41541 Mary Drive Suite 947, South Biancaport, NB Y1A6G8",danielbrown@black.com,8101558234
48,"Jackson, Acosta and Davis Insurance","80821 Clayton Cape, North Robert, ON N8R 2A5",morrowsteven@haas-olsen.com,5328048327
49,"Ruiz, Bates and Johnson Insurance","335 Reynolds Station Apt. 108, Christopherburgh, SK Y1P3M4",pearsonbrittany@cooper.net,1367485474
50,Mayo-Payne Insurance,"49607 Morales Mill, Port Davidbury, NS V6X 7L7",michelle52@wiley.biz,8798271287
